company,job_title,location
2K,Senior Sales Data Analyst,"Novato, CA, US"
2K,Senior Sales Data Analyst - NBA,"Novato, CA, US"
360pi (acquired by Market Track),Data Scientist,"San Francisco, CA, US"
360pi (acquired by Market Track),Data Services Analyst,"San Francisco, CA, US"
6sense,Data Analyst,"San Francisco, CA, US"
Abbott,Data Analyst I,"Alameda, CA, US"
Abbott,Data Analyst I,"Alameda, CA, US"
Abbott,Quality Systems - Data Analyst I,"Alameda, CA, US"
Abbott,Quality Systems - Data Analyst I,"Alameda, CA, US"
Academia Higher Education Colleges,Product Data Analyst,"San Francisco, CA, US"
Academy of Art University,Data Analyst,"San Francisco, California, United States"
Accela,Data Conversion Analyst,"San Ramon, CA, US"
Accelon Inc.,Jr Data Analyst ( Fresh underGraduate),"San Rafael, CA, US"
Accenture,Data Analytics Manager,"San Francisco, CA, US"
Accolite,Sr. Data Analyst,"San Francisco, CA, US"
Acumen Solutions,Salesforce Data Analyst,"San Francisco, CA, US"
"Acumen, LLC",Data and Policy Analyst - Statistical Programmer,"Burlingame, CA, US"
"Acumen, LLC",Data and Policy Analyst - Writer/Coordinator,"Burlingame, CA, US"
"Acumen, LLC",Data Engineer,"Burlingame, CA, US"
Adobe,Data Analytics Architect- Marketo,"San Mateo, CA, US"
Agency360,Data Analyst at a Dynamic Consulting Firm,"San Francisco, California, United States"
Agency360,Data Analyst at a Prominent Patent Analytics Software Firm,"San Francisco, CA, US"
Agoda,Data Analyst - Customer Experience Group | Based in Bangkok,"San Francisco, CA, US"
Agoda,Head of Product Insights (UX Research and Data Analytics) - Bangkok based,"San Francisco, CA, US"
Agoda,Senior Data Analyst (Fraud Team) - BKK Office,"San Francisco, CA, US"
Agoda,Senior Data Analyst / Consultant (Data Team),"San Francisco, CA, US"
Aita Consulting Services Inc.,Data Analyst III,"South San Francisco, CA, US"
Altair,"Business Data Analyst - Altair Engineering, Inc","San Francisco, CA, US"
Amazon Web Services (AWS),Partner Solutions Architect - Data and Analytics,"San Francisco, CA, US"
Amplitude,Data Analyst - Go To Market,"San Francisco, CA, US"
Amplitude,Data Analyst - Go To Market,"San Francisco, CA, US"
Ancestry,Senior Data Governance and Quality Analyst,"San Francisco, CA, US"
Apex Life Sciences,Data Analyst,"San Francisco, CA, US"
Apex Life Sciences,Treasury Data Analyst,"San Francisco, CA, US"
Apex Systems,Business Data Analyst - 12-24 month contract in San Francisco,"San Francisco, California"
Apex Systems,Data Analyst,"San Francisco, CA, US"
Apex Systems,Data Management Analyst,"San Mateo, California"
Apex Systems,Treasury Data Analyst,"San Francisco, CA, US"
APN Consulting Inc.,Data Analyst 1,"Redwood Shores, CA, US"
APN Consulting Inc.,Epic Clarity Data Analyst,"Oakland, CA, US"
ARC Document Solutions,Billing & Reporting Data Analyst - San Ramon,"San Ramon, CA, US"
ARC Document Solutions,Billing & Reporting Data Analyst ( Temporary -to- Permanent Hire ),"San Ramon, CA, US"
Armanino LLP,BI Data Architect,"San Ramon, California"
ARTECH,Data Analyst - San Bruno,"San Bruno, CA, US"
ARTECH,Data Analyst - San Francisco,"San Francisco, CA, US"
ARTECH,Data Marketing Analyst - Redwood City,"Redwood City, CA, US"
Asian Art Museum,Business and Data Systems Analyst,"200 larkin street, san francisco, CA 94102, US"
ASSET MARK LTD,Senior Data Analyst,"Concord, CA, US"
AtlantiCare,Data Analyst - Automatic Labs - San Francisco,"San Francisco, CA, US"
Atomic,"Senior Data Analyst, Customer Support","San Francisco, CA, US"
Atomic,Senior Product Data Analyst (Website),"San Francisco, CA, US"
Atomic,Senior Retention Data Analyst,"San Francisco, CA, US"
"Atreca, Inc.",Data Analyst,"Redwood City, CA, US"
"Atreca, Inc.","Data Analyst, Biotechnology","Redwood City, California"
"Atreca, Inc.","Data Analyst, Biotechnology at Atreca","Redwood City, CA, US"
"AURA, s.r.o.",Senior Risk & Data Analyst,"San Francisco, CA, US"
Autodesk,Data Analyst,"San Francisco, CA, US"
Autodesk,"Director, Customer Success Data & Analytics","San Francisco, CA, US"
Automatic,Data Analyst - Automatic Labs,"San Francisco, CA, US"
Automattic,Head of Data Analytics - San Francisco,"San Francisco, CA, US"
Axioma Inc.,"Market Data Services, Analyst","San Francisco, California, United States"
B-Stock Solutions,Data Analyst - Business Intelligence,San Francisco Bay Area
Babylist,Data Analyst,"Oakland, CA, US"
Bank of the West,Consumer Risk Systems and Data Analytics Manager,"San Francisco, CA, US"
Bank of the West,Data Analytics Analyst,"San Ramon, CA, US"
Bank of the West,Data Analytics Assoc II,"San Ramon, CA, US"
Beacon Hill Staffing Group,Technical Clinical Data Analyst - Level II - ( Pharmaceutical ),"Redwood City, California"
Bechtel Corporation,2019 Student Internship (U.S.) - Big Data Analytics (IS&T) ( CA2),"San Francisco, CA, US"
Bechtel Corporation,2019 Student Internship (U.S.) - Big Data Analytics (IS&T) (1CA1 2CA2),"Hayward, CA, US"
BeiGene,"Director, Data & Analytics","Emeryville, CA, US"
Bey,(Permanent Job) Data Scientist Product Analytics,"San Francisco, CA, US"
Bey,Principal Data Scientist & Data Scientist (Product Analytics) - Salary: $150 - 220K,"San Francisco, CA, US"
Bey,Principal Data Scientist & Data Scientist (Product Analytics) - Salary: $150 - 220K,"San Francisco, CA, US"
Bey,Product Analytics Data Scientist,"San Francisco, CA, US"
BIND,Chief Data Scientist,"San Francisco, CA, US"
BIND,Data Science Lead - San Francisco,"San Francisco, CA, US"
BIND,Healthcare Data Analyst,"San Francisco, CA, US"
BIND,Healthcare Data Analyst - San Francisco,"San Francisco, CA, US"
Bio-Rad Laboratories,Data Analyst I,"Hercules, CA, US"
Bio-Rad Laboratories,Internal Auditor - Data Analytics (IT Auditor I),"Hercules, CA, US"
BioRad,Data Analyst - Inventory Reduction & Optimization (Intern),"Hercules, CA, US"
BioRad,Data Analyst - Inventory Reduction & Optimization (Intern) - Hercules,"Hercules, CA, US"
BioRad,Data Analyst I,"Hercules, CA, US"
BioRad,Data Analyst I - Hercules,"Hercules, CA, US"
BlackRock,Analyst - Index Data Operations,"San Francisco, US-CA"
BLUE OWL,Senior Data Analyst ($100k-$140k),"San Francisco, CA, US"
Blue Shield of California,"IT Data Analyst, Senior","San Francisco, CA, US"
BOLD,Product Data Analyst,"San Francisco, CA, US"
Bracket,Data Analyst I,"San Francisco, CA, US"
Braintree,Senior Data Analyst,"San Francisco, CA, US"
Brex,Data Analyst,"San Francisco, CA, US"
Brex,Data Analyst,"San Francisco, CA, US"
Brilliant.org,Senior Data Analyst,"San Francisco, CA, US"
CalmCo,Data Analyst,"San Francisco, CA, US"
Capgemini,SAN FRANCISCO Campus Recruiting 2018 - I&D - Data Analyst,"San Francisco, CA, US"
Capgemini,Senior Data Analyst - MDM Architect,"South San Francisco, CA, US"
Carrot Inc.,Senior Data Analyst,"Redwood City, CA, US"
Catchafire,Volunteer Opportunity: 1-hour Data & Analytics call for Food Recovery Network (Remote),"San Francisco, CA, US"
CBRE,Data Analyst,"San Francisco, CA, US"
CBRE,Research Data Analyst,"Oakland, CA, US"
CBRE,Sr Data Analyst,"San Francisco, CA, US"
Central Business Solutions,Data Modeler / Database Developer,"San Francisco, CA, US"
Central Business Solutions,Data Modeler / Database Developer - San Francisco,"San Francisco, CA, US"
Chartio,Data Analytics Content Producer,"San Francisco, CA, US"
Cheetah,Data Analyst,San Francisco Bay Area
Chime,Senior Data Analyst,"San Francisco, CA, US"
Chime,"Senior Data Analyst, Financial Health","San Francisco, CA, US"
Citrine Informatics,Data Analysis Engineer,"Redwood City, CA, US"
Clarity Insights,"Business Data Analyst - Senior Consultant - San Francisco, CA","San Francisco, CA, US"
Clarity Insights,"Data Analyst - Consultant - San Francisco, CA","San Francisco, CA, US"
Clarity Insights,Data Visualization Specialist - Senior Consultant (PowerBI),"San Francisco, CA, US"
Clarivate Analytics,Senior Data Scientist,"San Francisco, CA, US"
Client Company,Data Analyst CRM,"San Francisco, CA, US"
Clover Health,Senior Data Science Analyst,"San Francisco, CA, US"
CodeForce 360,Data analyst - San Francisco,"San Francisco, CA, US"
Cognetik,Data Analyst,"San Francisco, CA, US"
Cognetik,Data Analyst - San Francisco,"San Francisco, CA, US"
Coinbase,Talent Data Analytics Lead,"San Francisco, CA, US"
Collabera Inc.,Product Owner(BI & Data Analytics),"Foster City, CA, US"
Common Networks,Lead Data Scientist,"San Francisco, CA, US"
company,job_title,location
"Compas, Inc.",Data Engineer,"San Francisco, CA, US"
"Comscore, Inc.",Data Analyst - Data Science,"San Francisco, CA, US"
Construction Jobs.,Data Analyst - San Francisco,"San Francisco, CA, US"
Coupa Software,"Senior Product Manager, Data Analysis and Machine Learning","San Mateo, CA, US"
Creative Circle,Data Analyst,"San Francisco, CA, US"
Credit Karma,Senior Data Analyst,"San Francisco, CA, US"
Credit Sesame,Senior Data Analyst,"San Francisco, California"
Crunchbase,Data Analyst,"San Francisco, CA, US"
Crunchbase,Data Analyst - San Francisco,"San Francisco, CA, US"
Crunchbase,Sr. Data Analyst,"San Francisco, CA, US"
Curology,User Acquisition - Data Analyst,"San Francisco, CA, US"
CyberCoders,"Data Analyst - Healthcare, SAS, Tableau","Hayward, CA, US"
CyberCoders,"Senior IT BRM ‚Äì Data and Analytics - Big Data, Data Warehousing","Alameda, CA, US"
Cynet Systems Inc,Business Data Analyst - DQ and Metadata Requirement Gathering,"Foster City, CA, US"
Cynet Systems Inc,ETL Data Analyst with Tableau - San Francisco,"San Francisco, CA, US"
Cynet Systems Inc,Solution Director - Data Analytics,"San Francisco, CA, US"
DASAN Zhone Solutions,"Data Analyst, Planning Department","Oakland, CA, US"
Databricks,Marketing Data Analyst,"San Francisco, CA, US"
"Datto, Inc.",Talent Data Analytics Lead,"San Francisco, CA, US"
DBA Web Technologies,"Data Governance Analyst (Collibra, Data Quality, Data Profiling, Data Security) in San Francisco, CA","San Francisco, CA, US"
DBA Web Technologies,"Data Scientist (Deep learning, Neural networks, Python, R, PowerBI, Tibco, Jaspersoft) in San Ramon, CA","San Ramon, CA, US"
Deloitte,"Data Analytics, Senior Consultant - Operate Services","San Francisco, CA, US"
Deloitte,Lead Data Analyst,"San Francisco, CA, US"
Deloitte,Risk and Financial Advisory Mergers and Acquisitions Transactions Service -Data Analytics Senior Consultant,"San Francisco, CA, US"
Delta Dental of California,Data & Research Analyst,"Oakland, CA, US"
Delta Dental of California,"Manager, Applications Development, Data & Analytics","San Francisco, CA, US"
Digital Intelligence BV,Data Analyst/Scientist,"Oakland, CA, US"
Digitas North America,"Associate Director, Data and Analysis","San Francisco, California"
Digitas North America,"Manager, Data and Analysis",San Francisco Bay Area
Discord,Senior Data Analyst,"San Francisco, CA, US"
DocuSign,Senior Data Quality Analyst,"San Francisco, CA, US"
Dodge & Cox,Middle Office Data Analyst,"San Francisco, California, United States"
Dolby Laboratories,Compliance Data Analyst,"San Francisco, CA, US"
DoorDash,"Data Anaylst, Risk and Fraud","San Francisco, CA, US"
DoorDash,Senior People Data Analyst,"San Francisco, CA, US"
Doximity,Data Analyst - San Francisco,"San Francisco, CA, US"
Doximity,Data Analyst Program Manager,"San Francisco, CA, US"
Doximity,"Data Analyst, Insights","San Francisco, CA, US"
Doximity,Data Analytics Program Manager - San Francisco,"San Francisco, CA, US"
Dropbox,CX - Data Analyst,"San Francisco, CA, US"
Dropbox,Data Analyst - Growth,"San Francisco, CA, US"
Dropbox,Senior People Data Analyst,"San Francisco, CA, US"
Eaze,Data Analyst,"San Francisco, CA, US"
Eaze,Data Analyst - San Francisco,"San Francisco, CA, US"
Eclaro,Data Architect - San Francisco,"San Francisco, CA, US"
Energize Group,Data Analytics Manager,"San Francisco, California"
Enquero,Data Analyst,"San Francisco, CA, US"
Epic! Kids,Senior Data Analyst,"Redwood City, CA, US"
Epik Solutions,Data Analyst (Fianancial experience),"San Francisco, CA, US"
Essex Corporation,BI Data Analyst/Modeler,"San Mateo, CA, US"
Essex Property Trust,BI Data Analyst/Modeler,"San Mateo, CA, US"
Essex Property Trust,BI Data Analyst/Modeler - San Mateo,"San Mateo, CA, US"
Eurofins,Data Analyst/ Statistics Scientist,"Berkeley, CA, US"
Eventbrite,Senior Data Analyst - Content Policy,"San Francisco, CA, US"
Evolver,Back Office IT Business/Data Analyst,"San Francisco, CA, US"
Evolver,"Back Office It Business/Data Analyst In , Careers At Evolver, Inc","San Francisco, CA, US"
EY,"Government & Public Sector ‚Äì Advisory: Performance Improvement Technology Consulting ‚Äì Data and Analytics ‚Äì Manager ‚Äì SECRET CLEARANCE ‚Äì Tysons, VA","San Francisco, CA, US"
EY,Manager - Data and Analytics - Big Data - Data Architecture and Integration,"San Francisco, CA, US"
EY,Senior Consultant - Data and Analytics - Big Data - Data Architecture and Integration,"San Francisco, CA, US"
Fetch,Data Analytics Manager,"San Francisco, California, United States"
FICO,Software Engineer ( Data Analytics/Java),"San Rafael, CA, US"
FICO,Software Engineer (Supporting Data Analytics),"San Rafael, California, United States"
Figma,Data Analyst,"San Francisco, CA, US"
First Place for Youth,Data and Evaluation Support Associate,"Oakland, CA, US"
First Republic Bank,Contingent: Data Analyst,"San Francisco, CA, US"
First Republic Bank,Data Analyst,"San Francisco, CA, US"
First Republic Bank,E-Data Discovery Analyst,"San Francisco, CA, US"
First Republic Bank,PLP Data Analyst,"San Francisco, CA, US"
First San Francisco Partners,Data Analyst (Remote),"Oakland, CA, US"
"First Tek, Inc.",Business/Data Analyst,"San Ramon, CA, US"
Fisher Investments,Data Analytics Analyst (2019-7960),"San Mateo, CA, US"
Fisher Investments,Data Analytics Analyst (2019-7962),"San Mateo, CA, US"
Fisher Investments,Marketing Data Analyst (2019-7894),"San Mateo, CA, US"
Fitbit,Director of Data Analytics-IT,"San Francisco, CA, US"
Fitbit,"Sr. Data Analyst, Global Reverse Logistics","San Francisco, CA, US"
Fivestars,Product Data Analyst,"San Francisco, CA, US"
Fivetran,Data Analyst - Oakland,"Oakland, CA, US"
Fivetran,Marketing Data Analyst,"Oakland, CA, US"
Fivetran,Senior Data Analyst,"Oakland, CA, US"
Flexport,"Data Analyst, Air Freight","San Francisco, CA, US"
"FocusKPI, Inc.",Data Analyst,"San Francisco, CA, US"
"FocusKPI, Inc.",Data Analyst - San Francisco,"San Francisco, CA, US"
Fourth Floor,CLM Data Analyst,"San Francisco, CA, US"
Franklin Energy,Director of Data Analytics,"San Francisco, CA, US"
Fremont Bank,Digital Services Data Analyst,"San Francisco, CA, US"
Gap Inc.,"VP Decision Support, Data and Analytics","San Francisco, CA, US"
Gartner,"Sr. Director, Data Warehouse Expert, Gartner Research",San Francisco Bay Area
"GenapSys, Inc.",Signal Processing Engineer/Data Analyst,"Redwood City, CA, US"
Genentech,Associate Operations Data Analyst,"South San Francisco, CA, US"
Genentech,"Data Scientist, HR","South San Francisco, CA, US"
Genentech,Data Scientist/Informatics Analyst-Development Sciences Informatics,"South San Francisco, CA, US"
Genentech,Senior Operations Data Analyst,"South San Francisco, CA, US"
Ginger,Senior Data Analyst,San Francisco Bay Area
GitHub,Sales Operations Senior Manager of Data and Analytics,"San Francisco, CA, US"
GitHub,Senior Sales Data Analyst,"San Francisco, CA, US"
Glu Mobile,Data Analyst (San Francisco),"San Francisco, CA, US"
Glu Mobile,Data Analyst (San Mateo/SF),"San Mateo, CA, US"
Glu Mobile,Data Product Manager (Design Home),"San Francisco, CA, US"
Glu Mobile,Senior Data Analyst,"875 Howard Street Suite 100, San Francisco, CA 94103, US"
GoFundMe,Senior Data Analyst,"Redwood City, California, United States"
GoodData,Data Product Manager - Professional Services,"San Francisco, California, United States"
Google,"Analyst, Applied Data and Machine Learning","San Francisco, CA, US"
Google,"Manager, Data Engineering, Google Customer Solutions","Redwood City, CA, US"
Google,"Sales Applications Data Analyst, Google Customers Solutions","Redwood City, CA, US"
GoPro,Sr. Data Integration Engineer,"San Mateo, CA, US"
goPuff,Data Analytics Lead - Marketing,"San Francisco, CA, US"
"Grand Rounds, Inc.",Senior Data Analyst ‚Äì Customer Insight Analytics,"San Francisco, CA, US"
Grupo Zeta,Production Data Analyst - ZETA,"San Francisco, CA, US"
Guardant Health,Senior Bioinformatics Scientist (LUNAR) experimental design & data analysis,"Redwood City, CA, US"
Gusto,"Data Scientist, Product Analytics","San Francisco, CA, US"
Harnham,Business Data Analyst,"San Francisco, CA, US"
Hipcamp,Product Data Analyst,"San Francisco, CA, US"
HonorVet Technologies,Junior Data Analyst,"San Bruno, CA, US"
Hotwire,Sr. Data Analyst - Supply (Hotwire - San Francisco),"San Francisco, CA, US"
HouseCanary,Data Analyst,"San Francisco, CA, US"
HouseCanary,Senior Data Analyst,"San Francisco, CA, US"
Impetus,Big Data/Analytics/DW/BI,"San Francisco, CA, US"
InClassToday,Senior Data Analyst,"San Francisco, CA, US"
InfiCare Software Technologies,Business Analyst (Data Analyst) Python / R with SQL SkillSets,"San Francisco, CA, US"
InfiCare Software Technologies,Data Analyst - InfiCare Technologies,"San Francisco, CA, US"
InfiCare Software Technologies,Data Analytics Test Lead - InfiCare Technologies,"San Francisco, CA, US"
InfiCare Software Technologies,Sr. Data Analyst,"San Francisco, CA, US"
InfiCare Technologies,Business Data Analyst - data security,"San Francisco, CA, US"
Informatica,Senior Maintenance Renewal Data Analyst,"Redwood City, CA, US"
"InfoSmart Technologies,Inc.",Data Analyst,"South San Francisco, CA, US"
Infotech Sourcing,Product Data Analyst Contractor,"San Francisco, CA, US"
Infotech Sourcing,Product Data Analyst Contractor - San Francisco,"San Francisco, CA, US"
Innominds,Data Governance Analyst,"San Francisco, CA, US"
Innovate Public Schools,"Manager, Research and Data, Silicon Valley Campaigns","San Francisco, CA, US"
Insightly,Senior Data Engineer,"San Francisco, California, United States"
Insikt,Senior Risk & Data Analyst,"San Francisco, CA, US"
Instapage,Director of Data and Analytics,"San Francisco, CA, US"
Intelletec,Data Analyst (Artificial Intelligence),"San Mateo, CA, US"
Intelletec,Director of Sales (Data Analytics),"San Mateo, CA, US"
Intelletec,Product Manager (Data Analytics),"San Francisco, CA, US"
Intelletec,Sales Engineer (Data Analytics),"San Francisco, CA, US"
Intellipro Group Inc,Data Analyst,"San Francisco, CA, US"
Intellipro Group Inc,Data Analyst - San Francisco,"San Francisco, CA, US"
Intercom,Senior Data Analyst,"San Francisco, CA, US"
"InterSources Inc - SBA Certified,Minority Owned & Women Owned Enterprise. ",Data Analyst - San Francisco,"San Francisco, CA, US"
Intricately,Sr. Data Visualization Analyst,"San Francisco, CA, US"
Invitae,Clinical Data Analyst,"San Francisco, CA, US"
ipsy,Senior Data Analyst,"San Mateo, CA, US"
IT Avalon,Data Analyst,"San Ramon, CA, US"
iTalent Digital,Data Analysis and Mapping Project Manager‚Äã/Analyst (Data Privacy),"San Francisco, CA, US"
JiWire,Data Analyst,"San Francisco, CA, US"
Jobot,Data Analyst,"Oakland, CA, US"
Jobspring Partners,Data Engineer,"San Francisco, CA, US"
Jobspring Partners,Senior Data Analyst,"San Francisco, CA, US"
Juvo,"Sr. Product Marketing Manager, Data & Analytics","San Francisco, CA, US"
Kaiser Permanente,"Consulting Data Analyst - Epidemiology, Bio-statistics, SAS, R, SQL, VBA","Oakland, CA, US"
Kaiser Permanente,"Consulting Data Analyst - Epidemiology, Bio-statistics, SAS, SQL, R","Oakland, CA, US"
Kaiser Permanente,Marketing Data Analyst,"Oakland, CA, US"
Kaiser Permanente,Senior Data Analyst,"Oakland, CA, US"
KeepTruckin,Customer Success Data Analyst,"San Francisco, CA, US"
Kelly Services,Data Analyst,"South San Francisco, CA, US"
Kelly Services,Data Analyst III,"South San Francisco, CA, US"
"LanceSoft, Inc.",Quality Data and Records Analyst,"San Leandro, CA, US"
Langan Engineering & Environmental Services,Environmental Data Analyst ‚Äì 1 to 3 Years Experience,"Oakland, CA, US"
LaunchDarkly,Data Analytics Engineer,"Oakland, CA, US"
LaunchDarkly,Data Analytics Team Lead,"Oakland, CA, US"
Levi Strauss & Co.,"Program Manager, Data and Analytics","San Francisco, CA, US"
Levi Strauss & Co.,Senior Cloud Data Engineer,"San Francisco, CA, US"
Levi Strauss & Co.,Senior Data Engineer,"San Francisco, CA, US"
Life360,Senior Data Analyst (Product),"San Francisco, California"
Lime,Data Analyst Intern,"San Francisco, CA, US"
Lime,Senior Data Analyst,"San Francisco, CA, US"
LinkedIn,Staff Software Engineer ‚Äì Data Mining/Data Analysis/Machine Learning,San Francisco
Looker,"Pre-Sales Solutions Consultant, Data Analytics - SF","San Francisco, CA, US"
Lumen Solutions Inc,Data Analyst 3 - San Ramon,"San Ramon, CA, US"
LumenData,Data Analyst,San Francisco Bay Area
Lyft,"Financial Data Analyst, Revenue","San Francisco, CA, US"
Malakye.com,"Program Manager, Data and Analytics","San Francisco, CA, US"
Malakye.com,Senior Cloud Data Engineer,"San Francisco, CA, US"
Malakye.com,Senior Data Engineer,"San Francisco, CA, US"
Malakye.com,Sr. Data & Analytics Project Manager,"San Francisco, CA, US"
"Marketo, an Adobe Company",Software Engineer III - Data Analytics,"San Mateo, CA, US"
"Marqeta, Inc","Data Analyst, Alternative Lending","Oakland, CA, US"
"Marqeta, Inc","Director of Product Engineering, Data & Analytics","Oakland, CA, US"
MatchPoint Solutions,CRM Data Operations Analyst - 24459,"San Francisco, CA, US"
MatchPoint Solutions,Data Analyst - 183588,"San Francisco, CA, US"
MatchPoint Solutions,Data Analyst/ Administrator - 18856,"San Francisco, CA, US"
Matrix Precise,Data Analyst/ Scientist,"Oakland, CA, US"
MATRIX Resources,Senior Business / Data Analyst,"San Francisco, CA, US"
Medal,Healthcare Data Analyst,"San Francisco, CA, US"
Merkle,Junior Data Analyst,"San Francisco, CA, US"
MightyHive,VP of Data and Analytics,"San Francisco, CA, US"
Mission Bio,Data Analysis Scientist II - Bioinformatics,"South San Francisco, CA, US"
Mission Bio,Data Analysis Scientist II ‚Äì Bioinformatics,"South San Francisco, CA, US"
Mission Bio,Senior Data Analysis Scientist,"South San Francisco, CA, US"
Mission Bio,Senior Data Analysis Scientist - South San Francisco,"South San Francisco, CA, US"
MoTek Technologies,Senior Business Data Scientist,San Francisco Bay Area
MW Partners,Data Analyst,"San Francisco, CA, US"
Myriad Genetics,Data Analyst III,"South San Francisco, CA, US"
Natera,Sr. Business Intelligence & Data Warehouse Architect,"San Carlos, CA, US"
Navigant,Consultant - Energy - Data Analytics & Modeling -Multiple Locations,"San Francisco, CA, US"
Navigant,Consultant Energy - Data Analytics & Modeling - Multiple Locations,"San Francisco, CA, US"
Navigant,"Managing Consultant - Life Science Data Analytics - San Francisco, CA","San Francisco, CA, US"
Navigant,Managing Consultant Energy - Data Analytics & Modeling - Multiple Locations,"San Francisco, CA, US"
NerdWallet,Senior Data Analyst,San Francisco Bay Area
Nextdoor,Data Analyst - San Francisco,"San Francisco, CA, US"
Numerator,Data Scientist,"San Francisco, CA, US"
Numerator,Data Services Analyst,"San Francisco, CA, US"
Nurx,Data Analyst,"San Francisco, CA, US"
"Okta, Inc.",Marketing Data Analyst,"San Francisco, CA, US"
Old Navy,Data Analyst - Production Strategy,"San Francisco, CA, US"
Omada Health,Data Analyst (Product),"San Francisco, CA, US"
"Omega Solutions, Inc.",Data Warehousing Business Analyst,"San Francisco, CA, US"
OneWire,Middle Office Data Analyst at Dodge & Cox,"San Francisco, CA, US"
OpenTable,Senior Data Analytics Engineer,"San Francisco, CA, US"
Oportun,"Manager / Sr. Analyst, Business Intelligence & Data Analysis - Auto Lending","San Carlos, California"
Optimizely,"Senior Distributed Systems Engineer, Data Analytics","San Francisco, CA, US"
Oracle Corporation UK Ltd,"Sr. Manager/Director, Competitive Intelligence- Database Cloud Service","Redwood City, CA, US"
PDDN,Senior Looker BI Developer w/ Big Data Analytics,"San Francisco, CA, US"
Penserra,Data Analyst,"4 Orinda Way, 100-A, Orinda, CA 94563, US"
Pepco Holdings,Data Analytics Technical Lead - Pepco Holdings,"San Francisco, CA, US"
Perficient,Data Analyst and Modeler,"San Francisco, CA, US"
Perficient,Data Analyst and Modeler  -Healthcare Payer  -  CA,"San Francisco, California, United States"
Perficient,Data Analyst and Modeler - Healthcare Payer - Southeast,"San Francisco, CA, US"
Perficient,Senior Data Analyst,"San Francisco, CA, US"
"Perfict Global, Inc",Business Data Analyst - San Francisco,"San Francisco, CA, US"
Persistent Systems,Data Generation Framework & Analysis Sr. Developer,"Foster City, California, United States"
"Phil, Inc.",SQL Data Analyst,"San Francisco, California"
Pill Club,Senior Data Analyst,"San Carlos, CA, US"
Planet Pharma,Bioinformatics Associate I (Data Analyst),"South San Francisco, CA, US"
Planet Pharma,Clinical Data Analyst,"Redwood City, CA, US"
Planet Pharma,Data Analyst III,"South San Francisco, CA, US"
Planet Pharma,"Data Analyst, Commercial Operations","San Mateo, CA, US"
PlayStation,"Manager, Global HR Data Analytics, Insights & Reporting","San Mateo, CA, US"
Plum Commercial Real Estate Lending,Data Analyst,"San Francisco, CA, US"
PlushCare,Data Analytics Engineer,"San Francisco, CA, US"
PlushCare,Data And Analytics Manager,"San Francisco, CA, US"
Pocket Gems,Data Analyst,"San Francisco, CA, US"
Poshmark,"Senior Analyst, Data Analytics/Data Science","Redwood City, CA, US"
Premier Research,Central Monitor / Data Analyst (home-based in the US),"San Francisco, CA, US"
ProClinical,Accountant / Supplier Master Data Analyst,"San Mateo, CA, US"
"Proteus Digital Health, Inc","Data Analyst, Business Intelligence","Redwood City, CA, US"
Qualia,Marketing Data Analyst,"San Francisco, CA, US"
Qualia,Marketing Data Analyst,"San Francisco, CA, US"
Qualys,Sales Finance Data Analyst,"Foster City, CA, US"
Quantcast,Head of Data and Analytics,"San Francisco, CA, US"
QuanticMind,Senior Data Analyst,"San Mateo, CA, US"
Queen Consulting,PowerBI Data Analyst,"Concord, CA, US"
Queen Consulting,PowerBI Data Analyst,"Concord, CA, US"
QuinStreet,Junior Data Analyst,San Francisco Bay Area
QUIP S.A.,Product Data Scientist,"San Francisco, CA, US"
QUIP S.A.,Product Data Scientist - San Francisco,"San Francisco, CA, US"
Rakuten Intelligence,Sr. Client Data Analyst,"San Mateo, CA, US"
Rally Health,Data Analyst,"San Francisco, CA, US"
Rally Health,Data Analyst - San Francisco,"San Francisco, CA, US"
Rally Health,Data Analyst (Entry Level),"San Francisco, CA, US"
Rally Health,Data Analyst Intern,"San Francisco, CA, US"
Ready State,Product Marketing Data Manager,"San Francisco, CA, US"
Ready State,Product Marketing Data Manager - San Francisco,"San Francisco, CA, US"
Real Estate Exchange Inc,Data Analyst Intern,"Redwood City, CA, US"
"Reddit, Inc.",Senior Data Analyst (Ads),"San Francisco, CA, US"
Republic Bancorp Mortgage,"Contingent Data Analyst In , Careers At 1 Front","San Francisco, CA, US"
Republic Bancorp Mortgage,"Contingent Data Analyst In , Careers At Market","San Francisco, CA, US"
Republic Bancorp Mortgage,"Fair Lending Data Analyst In , Careers At Market","San Francisco, CA, US"
Republic Bancorp Mortgage,"Plp Data Analyst In , Careers At St","San Francisco, CA, US"
Returnly,Senior Data Analyst,"San Francisco, CA, US"
RevUp Software,Senior Engineer - Data Analysis - Redwood City,"Redwood City, CA, US"
RevUp Software Inc.,Senior Engineer - Data Analysis,"Redwood City, CA, US"
Rhumbix,Data Analyst,"San Francisco, California"
Robert Half,Data Analyst,"San Francisco, CA, US"
Robert Half,Financial Data Analyst,"Foster City, CA, US"
Robert Half,"Senior Business Information Analyst - Data, SQL, Finance","Oakland, CA, US"
Robert Walters,Information/Data Visualization Designer,"San Francisco, California, United States"
Roblox,Data Analyst - Game Discovery,"San Mateo, CA, US"
Roche,"Associate Data Scientist or Data Scientist, Evidence for Access, USMA","South San Francisco, CA, US"
Roche,Associate Operations Data Analyst,"South San Francisco, CA, US"
Roche,"Data Scientist, HR","South San Francisco, CA, US"
Roche,Senior Operations Data Analyst,"South San Francisco, CA, US"
Rocketship Public Schools,Data Analyst,"Redwood City, CA, US"
Rocksbox,Senior Data Analyst,"San Francisco, CA, US"
Rose International,Data Analyst,"San Francisco, CA, US"
Rose IT,Data Analyst and Modeler,"San Francisco, CA, US"
RPX Corporation,"Associate, Legal Data & Analytics","One Market Plaza Steuart Tower, Suite 1100, San Francisco, CA 94105, US"
Samba TV,Data Engineer - Core Data and Analytics,"San Francisco, CA, US"
San Francisco Federal Credit Union,IT Data Analyst,"San Francisco, CA, US"
SAP,HCM Senior Data Analyst Job,"South San Francisco, CA, US"
SAP Ariba,HCM Senior Data Analyst Job,"South San Francisco, CA, US"
Scoot Networks,Data Analyst - San Francisco,"San Francisco, CA, US"
Seasoned,Data Analyst,"San Francisco, California"
Sensor Tower,Data Analyst - San Francisco,"San Francisco, CA, US"
Sentry (sentry.io),Data Analyst,"San Francisco, CA, US"
ServiceNow,Senior Java Software Engineer -- Big Data Analytics,"San Francisco, CA, US"
ServiceNow,Senior UI/Web Engineer -- Big Data Analytics,"San Francisco, CA, US"
SGA S.A.,Data Analyst - San Francisco,"San Francisco, CA, US"
SHIFT.com,Data Analyst,"San Francisco, CA, US"
"Shutterfly, Inc.",Senior Supply Chain Data Analyst,"Redwood City, CA, US"
Silicon Valley Bank,Business Data Analyst II,"San Francisco, CA, US"
Simple Habit,Data Analyst,"San Francisco, CA, US"
Slack,"Program Manager, Data & Analytics","San Francisco, CA, US"
Snowflake,Data Analyst - Sales Operations,"San Mateo, CA, US"
Snowflake,Senior Data Analyst - Sales Operations,"San Mateo, CA, US"
Snowflake,Senior HR Reporting and Data Analyst,"San Mateo, CA, US"
Sojern,"Senior Data Analyst, Travel Insights","San Francisco, CA, US"
Sonder Inc.,"Senior Data Analyst, Data Science","San Francisco, CA, US"
Sonder Inc.,Senior Data Scientist,"San Francisco, CA, US"
Sony Corporation of America,"Manager, Global HR Data Analytics, Insights & Reporting","San Mateo, CA, US"
Sovereign Technologies LLC,Data Analyst with health care experience_G,"San Francisco, CA, US"
Spectraforce Technologies,Data Analyst,"San Francisco, CA, US"
Spectraforce Technologies,Data Integration Analyst,"Concord, CA, US"
Spin,Data Analyst,"San Francisco, CA, US"
Spin - Electric Scooter Sharing,Data Analyst,"San Francisco, CA, US"
Splunk,"Data Analytics Developer, Customer Success","San Francisco, CA, US"
Square,"Data Analyst, Cash App","San Francisco, CA, US"
Srisys Inc,Sr. Big Data Engineer,"San Francisco, CA, US"
Stanford University,Marketing Data Analyst,"Redwood City, California, United States"
Stanza,Data Analyst,"San Francisco, CA, US"
Stanza,Data Analyst,"San Francisco, CA, US"
Stella.ai,CX - Data Analyst,"San Francisco, CA, US"
Stella.ai,Data Analyst - Growth,"San Francisco, CA, US"
Stella.ai,Data Analyst - Insights,"San Francisco, CA, US"
Stella.ai,Senior People Data Analyst,"San Francisco, CA, US"
Strava,"Senior Data Analyst, Business Development","San Francisco, California, United States"
Stryker,Master Data Analyst,"Fremont, CA, US"
Sumo Logic,Senior Backend Software Engineer - Event Data Analytics,"Redwood City, CA, US"
Sumo Logic,Sr. Backend Software Engineer - Event Data Analytics,"Redwood City, California"
Superhuman,Senior Data Analyst,"San Francisco, CA, US"
"Superior Court of CA, County of San Mateo",BI Data Analyst - Limited Term (Open),"San Mateo, CA, US"
Sutter Health,Outcomes Data Analyst - Cancer Services,"San Francisco, CA, US"
Synthego Corporation,Director of Supply ChainOperational Excellence ManagerOperations Data Analyst - Redwood City,"Redwood City, CA, US"
Synthego Corporation,Operations Data Analyst,"Redwood City, CA, US"
Synthego Corporation,Operations Data Scientist - Tableau Developer,"Redwood City, CA, US"
"TalentBurst, an Inc 5000 company",Data Analyst I,"San Francisco, CA, US"
TalkIQ,"Senior Data Analyst, Customer Support","San Francisco, CA, US"
TalkIQ,Senior Product Data Analyst Website,"San Francisco, CA, US"
TalkIQ,Senior Retention Data Analyst,"San Francisco, CA, US"
"TEAM, Inc.",Site-Data Analyst/Timekeeper,"Richmond, CA, US"
"Techaxis, Inc",Master Data Management-Data Solutions Consultant,San Francisco Bay Area
TechDigital Corporation,Data analyst - San Francisco,"San Francisco, CA, US"
TechFetch.com - On Demand Tech Workforce hiring platform,Data Engineer With Hives,"San Francisco, CA, US"
TechFetch.com - On Demand Tech Workforce hiring platform,Junior Data Analyst,"San Francisco, CA, US"
Techshed,Data Analyst I,"Foster City, CA, US"
Techshed,Data Analyst II,"Foster City, CA, US"
The Athletic,"Data Analyst, Content","San Francisco, CA, US"
The Climate Corporation,Data Analyst,"San Francisco, CA, US"
The Darkly Agency,Data Analytics Engineer,"Oakland, CA, US"
The Darkly Agency,Data Analytics Team Lead,"Oakland, CA, US"
The E.W. Scripps Company,Data Analyst,"San Francisco, CA, US"
The Judge Group,Data Engineer / Analyst,"San Francisco, CA, US"
The Judge Group,Senior Data Analyst (Project Manager II),"San Bruno, CA, US"
TheJobNetwork,Data Analyst - Data Science,"San Francisco, CA, US"
TheJobNetwork,"Data Analyst, Biotechnology","Redwood City, CA, US"
TheJobNetwork,Data Engineer,"San Lorenzo, CA, US"
TheJobNetwork,Senior Data Analyst - Subscriptions,"San Francisco, CA, US"
Thistle,Data Analyst,"San Francisco, CA, US"
Thorn,Data Analyst,"San Francisco, CA, US"
ThousandEyes,Data Analyst,"San Francisco, CA, US"
Thrive Global,"Senior Analyst, Data Science & Analytics","San Francisco, CA, US"
Tiger Analytics,Sr. Consultant/ Data Analyst,"San Francisco, CA, US"
TribolaTech Inc,MDM Data Analyst W2 role,"San Ramon, California, United States"
Trilogy Education,Data Analytics Instructor - UC Berkeley (Belmont),"Belmont, CA, US"
Trilogy Education,Data Analytics Teaching Assistant - UC Berkeley (Belmont),"Belmont, CA, US"
Trilogy Education,Data Analytics Teaching Assistant - UC Berkeley (San Francisco),"San Francisco, CA, US"
True Botanicals,Data Analyst eCommerce,San Francisco Bay Area
TrueAccord,Data Analyst,"San Francisco, CA, US"
Truvalue Labs,Senior Data and Research Analyst,"San Francisco, CA, US"
Truvalue Labs,Senior Data and Research Analyst - San Francisco,"San Francisco, CA, US"
Twitch,Data Analyst - Content Team,"San Francisco, CA, US"
Twitch,Senior Data Analyst - Finance & Platform Analytics,"San Francisco, CA, US"
Twitch,Senior Data Analyst - Subscriptions,"San Francisco, CA, US"
Twitter,"Data Analyst, Twitter Service","San Francisco, CA, US"
U.S. Bank,Deposits/Payments Relationship Manager - Fintech and Data Analytics,"San Francisco, CA, US"
Uber,Data Analyst - Security,"San Francisco, CA, US"
Uber,"Data Analyst II, Data Quality","San Francisco, CA, US"
Uber,"Data Analyst, Regulatory, Safety & Insurance","San Francisco, CA, US"
Uber,Product Data Analyst - Uber Freight,"San Francisco, CA, US"
UCSF Medical Center,Improvement Data Analyst - Strategic Improvement Core Operations (BUS INTEL SPEC 3),"San Francisco, CA, US"
UCSF Medical Center,Sr. Data Analyst/ Sr. Project Manager - Division of General Medicine (DATA SYS ANL 4),"San Francisco, CA, US"
"UniMind Software Solutions, Inc",Peoplesoft Functional Data Conversion Analyst,"Oakland, CA, US"
Unison,"Senior Data Analyst, Product","San Francisco, CA, US"
Unison,"Senior Data Analyst, Strategy & Execution","San Francisco, CA, US"
Unison Home Ownership Investors,"Senior Data Analyst, Marketing and Sales","650 California St, San Francisco, California 94108"
Unison Home Ownership Investors,"Senior Data Analyst, Product","650 California St, San Francisco, California 94108"
Unison Home Ownership Investors,"Senior Data Analyst, Strategy & Execution","San Francisco, CA, US"
Unison Home Ownership Investors,"Senior Data Analyst, Strategy Execution","650 California St, San Francisco, California 94108"
Unity Technologies,Master Data Management Analyst,"San Francisco, CA, US"
University of California Office of the President,ICAMP Data Systems Analyst,"Oakland, CA, US"
"University of California, Berkeley","Business Data Analyst (7584U), Haas Core Programs -","Berkeley, CA, US"
"University of California, Berkeley","Data Analyst, Sph","Berkeley, CA, US"
"University of California, Berkeley","Data Analyst, SPH (6256U) #26759","Berkeley, CA, US"
"University of California, Berkeley",Research Data Analyst (6256U) #26429,"Berkeley, CA, US"
"University of California, San Francisco",Data Analyst,"San Francisco, CA, US"
"University of California, San Francisco",Data Systems Analyst,"San Francisco, CA, US"
"University of California, San Francisco",Research Data Analyst,"San Francisco, CA, US"
University of San Francisco,Data Analyst,"San Francisco, CA, US"
Upstart,Data Analyst,"San Carlos, CA, US"
Upwork,Finance Business Data Analyst,San Francisco Bay Area
US Tech Solutions,Project manager / Data Analyst (Video-premium content and brand advertising products ),"San Francisco, California, United States"
VelvetJobs,Data Analyst,"San Francisco, CA, US"
VelvetJobs,Senior Data Analytics Analyst,"San Ramon, CA, US"
VelvetJobs,"Senior Manager, Data Analytics and Business Intelligence","San Francisco, CA, US"
VelvetJobs,Senior Sales Data Analyst,"Novato, CA, US"
Verily Life Sciences,"Software Engineer, Data Analysis, Mental Health","South San Francisco, CA, US"
Veritis Group Inc,Data Analyst,"San Francisco, CA, US"
Verto Analytics,Senior Data Analyst - Marketing Insights,"San Francisco, CA, US"
Vim,Data Analyst,"San Francisco, CA, US"
Vinsys Information Technology Inc,Data Analyst,"San Francisco, CA, US"
"Virtual Vocations, Inc.",Telecommute Data Analyst in San Francisco - GVE Online Education Inc.,"San Francisco, CA, US"
"Virtual Vocations, Inc.",Telecommute New Data Analyst in San Diego - GVE Online Education Inc.,"San Francisco, CA, US"
"Virtual Vocations, Inc.",Virtual Machine Learning Data Analyst in San Francisco,"San Francisco, CA, US"
Visa,"Director ‚Äì NA Compliance ‚Äì Monitoring and Testing, Quality Assurance and Data Analytics","Foster City, CA, US"
Visa,Manager ‚Äì Robotics Process Automation and Data Analytics,"Foster City, CA, US"
Visa,Project Analyst - Data Product Development,"Foster City, CA, US"
Visa,Senior Data Quality Analyst Operational Resilience ‚Äì Technology Solutions,"Foster City, CA, US"
Walmart,"Director, Business Intelligence - Global Data","San Bruno, CA, US"
Walmart eCommerce,Data and Analytics Tools Manager,"San Bruno, CA, US"
Walmart Labs,"Director, Business Intelligence - Global Data","San Bruno, CA, US"
Walmart Labs,"Senior Director, Data and Analytics Change Management","San Bruno, CA, US"
Wells Fargo,Data Security Analyst,"San Francisco, CA, US"
WeWork,"Data Engineering Manager, Data & Analytics","San Francisco, CA, US"
Whistle Labs,Data Analytics & Engineering Lead,San Francisco Bay Area
Wikimedia Foundation,Senior Data Analyst,San Francisco Bay Area
Winebow,Data Administrator,"Benicia, CA, US"
Winebow,Master Data Analyst,"Benicia, CA, US"
Wish,Data Analyst,"San Francisco, CA, US"
Wish,Data Analyst - Supply Chain,"San Francisco, CA, US"
Wonderschool,Senior Data Warehouse Developer / BI Analyst - San Francisco,"San Francisco, CA, US"
Woodruff Sawyer,Senior Data/Business Analyst,San Francisco
Workato,Data Analyst Intern: Product & Marketing,"San Francisco, CA, US"
Workbridge Associates,Senior Data Engineer,"San Francisco, CA, US"
Workbridge Associates,Senior Data Scientist,"San Francisco, CA, US"
YouTube,"Data Scientist Technical Lead, Engineering","San Bruno, CA, US"
YouTube,"Product Analyst, Data Science","San Bruno, CA, US"
Zendesk,Senior Marketing Data Analyst,"San Francisco, CA, US"
Zeta Global,Production Data Analyst,"San Francisco, CA, US"
ZUM,Data Scientist/Analyst,"Redwood City, California"